Metric,Value
Training MAE,0.9983341097831726
Testing MAE,1.0001193284988403
Training RMSE,1.1164863894017791
Testing RMSE,1.1182093715233397
Training R²,0.0007613897323608398
Testing R²,-0.00022161006927490234
